"Date","Dernier","Ouv."," Plus Haut","Plus Bas","Vol.","Variation %"
"14/06/2024","13.162,23","13.188,79","13.213,08","13.159,02","","-0,20%"
"13/06/2024","13.188,79","13.162,89","13.211,97","13.158,00","","0,20%"
"12/06/2024","13.162,89","13.186,16","13.209,32","13.154,49","","-0,18%"
"11/06/2024","13.186,16","13.142,58","13.209,85","13.142,58","","0,21%"
"10/06/2024","13.159,07","13.197,04","13.231,91","13.155,83","","-0,29%"
"07/06/2024","13.197,04","13.243,90","13.277,84","13.190,79","","-0,35%"
"06/06/2024","13.243,90","13.011,49","13.245,17","13.011,49","","1,46%"
"05/06/2024","13.053,28","13.238,72","13.247,64","13.053,28","","-1,40%"
"04/06/2024","13.238,72","13.314,09","13.345,50","13.236,05","","-0,57%"
"03/06/2024","13.314,09","13.310,40","13.368,51","13.310,40","","0,03%"
"31/05/2024","13.310,40","13.313,64","13.338,80","13.291,30","","-0,02%"
"30/05/2024","13.313,64","13.347,62","13.383,51","13.313,64","","-0,25%"
"29/05/2024","13.347,62","13.374,25","13.411,53","13.330,24","","-0,20%"
"28/05/2024","13.374,25","13.326,59","13.418,73","13.323,96","","0,36%"
"27/05/2024","13.326,59","13.369,39","13.386,26","13.318,47","","-0,33%"
"24/05/2024","13.370,70","13.375,53","13.382,64","13.314,22","","-0,04%"
"23/05/2024","13.375,53","13.391,68","13.478,67","13.373,88","","-0,12%"
"22/05/2024","13.392,04","13.426,85","13.463,31","13.380,02","","-0,26%"
"21/05/2024","13.426,85","13.444,34","13.495,27","13.406,36","","-0,13%"
"20/05/2024","13.444,34","13.426,13","13.495,18","13.405,53","","0,14%"
"17/05/2024","13.426,13","13.411,39","13.427,56","13.389,76","","0,11%"
"16/05/2024","13.411,39","13.421,40","13.455,44","13.399,26","","-0,07%"
"15/05/2024","13.421,40","13.501,46","13.521,37","13.421,40","","-0,59%"
"14/05/2024","13.501,46","13.541,33","13.572,97","13.490,42","","-0,29%"
"13/05/2024","13.541,33","13.527,01","13.589,67","13.526,28","","0,11%"
"10/05/2024","13.527,01","13.478,23","13.555,54","13.476,07","","0,36%"
"09/05/2024","13.478,23","13.414,20","13.490,24","13.396,93","","0,44%"
"08/05/2024","13.418,67","13.375,47","13.429,43","13.375,47","","0,32%"
"07/05/2024","13.375,47","13.362,48","13.382,47","13.322,88","","0,10%"
"06/05/2024","13.362,48","13.405,10","13.415,63","13.279,73","","-0,31%"
"03/05/2024","13.403,47","13.322,85","13.432,00","13.322,85","","0,61%"
"02/05/2024","13.322,85","13.319,36","13.387,01","13.296,93","","0,03%"
"30/04/2024","13.319,36","13.373,90","13.373,90","13.306,52","","-0,41%"
"29/04/2024","13.373,90","13.354,97","13.422,67","13.337,33","","0,14%"
"26/04/2024","13.354,97","13.346,81","13.361,90","13.279,77","","0,06%"
"25/04/2024","13.346,81","13.281,24","13.347,19","13.280,70","","0,49%"
"24/04/2024","13.281,24","13.246,66","13.312,37","13.244,13","","0,26%"
"23/04/2024","13.246,66","13.302,28","13.302,28","13.147,47","","-0,42%"
"22/04/2024","13.302,28","13.452,88","13.479,65","13.302,28","","-1,12%"
"19/04/2024","13.453,35","13.455,65","13.508,68","13.439,14","","-0,02%"
"18/04/2024","13.455,65","13.384,83","13.455,65","13.371,77","","0,53%"
"17/04/2024","13.384,83","13.362,33","13.433,28","13.245,64","","0,17%"
"16/04/2024","13.362,33","13.372,71","13.434,44","13.336,27","","-0,08%"
"15/04/2024","13.372,71","13.341,29","13.400,28","13.304,39","","0,24%"
"09/04/2024","13.341,29","13.219,95","13.355,73","13.212,77","","0,92%"
"08/04/2024","13.219,95","13.118,75","13.220,08","13.104,01","","0,77%"
"05/04/2024","13.118,75","13.106,43","13.131,86","13.059,82","","0,09%"
"04/04/2024","13.106,43","13.095,43","13.106,43","13.017,12","","0,08%"
"03/04/2024","13.095,43","13.053,12","13.116,23","13.050,29","","0,32%"
"02/04/2024","13.053,17","12.998,18","13.053,83","12.996,01","","0,35%"
"01/04/2024","13.007,12","13.009,23","13.058,01","12.998,94","","-0,02%"
"29/03/2024","13.009,23","12.986,94","13.030,62","12.958,12","","0,17%"
"28/03/2024","12.986,94","12.981,98","13.053,74","12.969,80","","0,04%"
"27/03/2024","12.981,98","12.938,50","12.984,29","12.926,67","","0,34%"
"26/03/2024","12.938,50","12.963,23","12.993,85","12.925,95","","-0,19%"
"25/03/2024","12.963,23","12.979,11","12.987,34","12.950,29","","-0,12%"
"22/03/2024","12.979,11","12.977,56","13.000,83","12.946,71","","0,01%"
"21/03/2024","12.977,56","12.961,87","13.005,38","12.953,79","","0,12%"
"20/03/2024","12.961,87","13.034,58","13.054,15","12.961,87","","-0,56%"
"19/03/2024","13.034,58","13.085,63","13.085,63","12.978,94","","-0,39%"
"18/03/2024","13.085,63","13.063,68","13.139,28","13.032,46","","0,17%"
"15/03/2024","13.063,68","12.968,77","13.063,68","12.963,76","","0,73%"
"14/03/2024","12.968,77","12.886,74","12.968,77","12.886,74","","0,64%"
"13/03/2024","12.886,74","12.846,52","12.891,82","12.840,91","","0,31%"
"12/03/2024","12.846,52","12.852,10","12.885,96","12.836,00","","-0,04%"
"11/03/2024","12.852,10","12.907,46","12.910,84","12.837,13","","-0,43%"
"08/03/2024","12.907,46","12.875,49","12.945,48","12.856,28","","0,25%"
"07/03/2024","12.875,49","12.935,98","12.963,46","12.874,39","","-0,47%"
"06/03/2024","12.935,98","13.002,44","13.004,40","12.913,67","","-0,51%"
"05/03/2024","13.002,44","13.001,70","13.043,53","12.919,14","","0,01%"
"04/03/2024","13.001,70","13.010,62","13.040,77","12.974,19","","-0,07%"
"01/03/2024","13.010,62","13.031,16","13.083,11","13.010,62","","-0,16%"
"29/02/2024","13.031,16","13.134,04","13.146,42","13.031,16","","-0,78%"
"28/02/2024","13.134,04","13.098,80","13.147,96","13.048,93","","0,27%"
"27/02/2024","13.098,80","13.117,08","13.125,18","13.083,28","","-0,14%"
"26/02/2024","13.117,08","13.083,17","13.119,93","13.004,21","","0,26%"
"23/02/2024","13.083,17","12.986,77","13.088,90","12.986,47","","0,74%"
"22/02/2024","12.986,77","12.961,44","13.003,39","12.960,43","","0,20%"
"21/02/2024","12.961,44","12.885,93","12.997,29","12.880,34","","0,59%"
"20/02/2024","12.885,93","12.920,11","12.936,88","12.831,34","","-0,26%"
"19/02/2024","12.920,11","12.871,28","13.005,52","12.871,28","","0,38%"
"16/02/2024","12.871,28","12.727,64","12.878,36","12.688,20","","1,13%"
"15/02/2024","12.727,64","12.753,91","12.759,78","12.704,00","","-0,21%"
"14/02/2024","12.753,91","12.698,28","12.761,11","12.698,28","","0,44%"
"13/02/2024","12.698,28","12.688,22","12.744,70","12.681,85","","0,08%"
"12/02/2024","12.688,22","12.659,81","12.716,79","12.659,81","","0,22%"
"09/02/2024","12.659,81","12.625,89","12.660,87","12.602,21","","0,27%"
"08/02/2024","12.625,89","12.549,83","12.640,08","12.544,84","","0,61%"
"07/02/2024","12.549,83","12.529,24","12.613,63","12.498,36","","0,16%"
"06/02/2024","12.529,24","12.442,57","12.529,24","12.435,28","","0,70%"
"05/02/2024","12.442,57","12.493,40","12.521,92","12.420,38","","-0,41%"
"02/02/2024","12.493,40","12.483,92","12.535,45","12.455,05","","0,08%"
"01/02/2024","12.483,92","12.465,28","12.513,32","12.445,57","","0,15%"
"31/01/2024","12.465,28","12.445,47","12.498,05","12.438,85","","0,16%"
"30/01/2024","12.445,47","12.458,14","12.568,81","12.404,31","","-0,10%"
"29/01/2024","12.458,14","12.630,78","12.711,33","12.448,97","","-1,37%"
"26/01/2024","12.630,78","12.684,76","12.715,90","12.619,20","","-0,43%"
"25/01/2024","12.684,76","12.706,90","12.714,28","12.673,14","","-0,17%"
"24/01/2024","12.706,90","12.747,30","12.770,70","12.702,89","","-0,32%"
"23/01/2024","12.747,30","12.720,69","12.783,75","12.707,14","","0,21%"
"22/01/2024","12.720,69","12.685,03","12.771,90","12.683,25","","0,28%"
"19/01/2024","12.685,03","12.627,32","12.698,75","12.623,51","","0,30%"
"18/01/2024","12.646,67","12.594,94","12.647,88","12.577,97","","0,41%"
"17/01/2024","12.594,94","12.548,37","12.603,95","12.508,23","","0,37%"
"16/01/2024","12.548,37","12.452,98","12.554,70","12.445,62","","0,77%"
"15/01/2024","12.452,98","12.501,67","12.531,46","12.445,47","","-0,39%"
"12/01/2024","12.501,67","12.480,21","12.513,59","12.474,10","","0,17%"
"10/01/2024","12.480,21","12.437,39","12.480,22","12.405,57","","0,34%"
"09/01/2024","12.437,39","12.382,02","12.437,88","12.339,16","","0,45%"
"08/01/2024","12.382,02","12.368,94","12.400,10","12.345,93","","0,11%"
"05/01/2024","12.368,94","12.280,03","12.380,75","12.260,17","","0,72%"
"04/01/2024","12.280,03","12.230,48","12.280,60","12.218,52","","0,41%"
"03/01/2024","12.230,48","12.141,70","12.230,55","12.129,30","","0,73%"
"02/01/2024","12.141,70","12.092,88","12.179,30","12.092,63","","0,40%"
"29/12/2023","12.092,88","12.046,61","12.136,22","12.045,95","","0,38%"
"28/12/2023","12.046,61","12.103,96","12.130,09","12.046,61","","-0,47%"
"27/12/2023","12.103,96","12.085,31","12.126,88","12.073,85","","0,15%"
"26/12/2023","12.085,31","12.147,19","12.181,26","12.085,31","","-0,51%"
"25/12/2023","12.147,19","12.182,10","12.220,48","12.147,19","","-0,29%"
"22/12/2023","12.182,10","12.182,82","12.245,08","12.181,58","","-0,01%"
"21/12/2023","12.182,82","12.246,01","12.265,63","12.182,82","","-0,52%"
"20/12/2023","12.246,01","12.211,46","12.273,00","12.204,50","","0,28%"
"19/12/2023","12.211,46","12.171,59","12.215,90","12.135,58","","0,33%"
"18/12/2023","12.171,59","12.126,34","12.176,88","12.119,78","","0,37%"
"15/12/2023","12.126,34","12.134,19","12.173,22","12.122,69","","-0,06%"
"14/12/2023","12.134,19","12.115,02","12.149,06","12.074,14","","0,16%"
"13/12/2023","12.115,02","11.995,29","12.155,25","11.989,70","","1,00%"
"12/12/2023","11.995,29","11.951,89","12.018,46","11.936,38","","0,36%"
"11/12/2023","11.952,37","11.885,32","11.952,37","11.863,48","","0,56%"
"08/12/2023","11.885,32","11.827,02","11.885,32","11.824,97","","0,49%"
"07/12/2023","11.827,02","11.757,60","11.827,02","11.757,60","","0,59%"
"06/12/2023","11.757,60","11.759,51","11.792,95","11.718,07","","-0,02%"
"05/12/2023","11.759,51","11.728,06","11.785,10","11.709,49","","0,27%"
"04/12/2023","11.728,06","11.748,19","11.769,43","11.702,27","","-0,17%"
"01/12/2023","11.748,19","11.781,56","11.818,46","11.731,93","","-0,28%"
"30/11/2023","11.781,56","11.784,33","11.825,18","11.754,07","","-0,02%"
"29/11/2023","11.784,33","11.775,17","11.828,51","11.759,89","","0,08%"
"28/11/2023","11.775,17","11.850,77","11.857,90","11.757,50","","-0,58%"
"27/11/2023","11.843,79","11.957,67","11.958,13","11.843,67","","-0,95%"
"24/11/2023","11.957,67","11.976,17","12.026,72","11.954,74","","-0,15%"
"23/11/2023","11.976,17","11.999,71","12.008,81","11.957,50","","-0,20%"
"22/11/2023","11.999,71","11.976,24","12.025,97","11.974,80","","0,20%"
"21/11/2023","11.976,24","11.979,47","12.000,67","11.944,18","","-0,03%"
"20/11/2023","11.979,47","11.947,56","11.981,46","11.916,97","","0,27%"
"17/11/2023","11.947,56","11.969,91","11.978,41","11.917,37","","-0,19%"
"16/11/2023","11.969,91","11.895,50","11.969,91","11.875,21","","0,63%"
"15/11/2023","11.895,50","11.973,74","11.973,74","11.874,55","","-0,65%"
"14/11/2023","11.973,74","11.971,71","11.982,92","11.900,52","","0,02%"
"13/11/2023","11.971,71","11.948,60","11.973,39","11.911,23","","0,19%"
"10/11/2023","11.948,60","11.946,92","11.950,37","11.884,44","","0,01%"
"09/11/2023","11.946,92","11.961,14","11.966,77","11.910,76","","-0,12%"
"08/11/2023","11.961,14","11.988,80","12.017,74","11.953,14","","-0,23%"
"07/11/2023","11.988,80","11.977,33","12.008,94","11.957,56","","0,10%"
"03/11/2023","11.977,33","12.007,23","12.012,86","11.943,99","","-0,25%"
"02/11/2023","12.007,23","12.029,74","12.029,74","11.927,45","","-0,19%"
"01/11/2023","12.029,74","12.021,64","12.032,26","11.918,43","","0,07%"
"31/10/2023","12.021,64","11.924,90","12.030,02","11.906,39","","0,81%"
"30/10/2023","11.924,90","11.987,77","12.023,34","11.898,30","","-0,52%"
"27/10/2023","11.987,77","12.035,24","12.035,24","11.987,59","","-0,39%"
"26/10/2023","12.035,24","12.141,63","12.172,09","12.034,98","","-0,88%"
"25/10/2023","12.141,63","12.211,87","12.215,25","12.137,51","","-0,58%"
"24/10/2023","12.211,87","12.243,53","12.243,54","12.197,47","","-0,26%"
"23/10/2023","12.243,53","12.236,22","12.243,53","12.145,01","","0,06%"
"20/10/2023","12.236,22","12.262,69","12.267,97","12.185,42","","-0,22%"
"19/10/2023","12.262,69","12.249,95","12.295,88","12.234,37","","0,10%"
"18/10/2023","12.249,95","12.136,49","12.283,52","12.131,16","","0,93%"
"17/10/2023","12.136,49","12.192,99","12.235,01","12.136,31","","-0,46%"
"16/10/2023","12.192,99","12.237,11","12.247,48","12.165,81","","-0,36%"
"13/10/2023","12.237,11","12.269,23","12.272,39","12.210,53","","-0,26%"
"12/10/2023","12.269,23","12.278,56","12.278,56","12.199,56","","-0,08%"
"11/10/2023","12.278,56","12.225,36","12.278,56","12.167,95","","0,44%"
"10/10/2023","12.225,36","12.229,44","12.252,99","12.183,17","","-0,03%"
"09/10/2023","12.229,44","12.294,36","12.305,77","12.194,59","","-0,53%"
"06/10/2023","12.294,36","12.252,30","12.552,70","12.252,30","","0,34%"
"05/10/2023","12.252,30","11.660,21","12.252,30","11.660,21","","5,08%"
"04/10/2023","11.660,21","11.715,45","11.721,58","11.621,20","","-0,47%"
"03/10/2023","11.715,45","11.789,09","11.854,75","11.705,17","","-0,62%"
"02/10/2023","11.789,09","11.865,32","11.886,54","11.785,95","","-0,64%"
"27/09/2023","11.865,32","11.853,84","11.875,39","11.772,93","","0,10%"
"26/09/2023","11.853,84","11.816,41","11.867,21","11.788,69","","0,32%"
"25/09/2023","11.816,41","11.778,13","11.816,41","11.717,12","","0,33%"
"22/09/2023","11.778,13","11.769,52","11.800,73","11.740,98","","0,07%"
"21/09/2023","11.769,52","11.772,24","11.859,31","11.763,17","","-0,02%"
"20/09/2023","11.772,24","11.799,28","11.857,04","11.771,40","","-0,23%"
"19/09/2023","11.799,28","11.807,52","11.855,29","11.754,60","","-0,07%"
"18/09/2023","11.807,52","11.768,83","11.818,34","11.752,77","","0,32%"
"15/09/2023","11.769,31","11.775,23","11.824,68","11.752,63","","-0,05%"
"14/09/2023","11.775,53","11.733,04","11.786,80","11.722,34","","0,35%"
"13/09/2023","11.734,78","11.727,34","11.797,31","11.704,49","","-0,02%"
"12/09/2023","11.736,88","11.725,83","11.822,68","11.725,83","","0,09%"
"11/09/2023","11.725,83","11.712,06","11.789,73","11.694,36","","0,11%"
"08/09/2023","11.712,37","11.752,38","11.792,74","11.707,52","","-0,34%"
"07/09/2023","11.752,38","11.745,08","11.765,22","11.737,41","","0,06%"
"06/09/2023","11.745,08","11.822,98","11.877,87","11.745,05","","-0,90%"
"05/09/2023","11.852,24","11.871,36","11.911,61","11.852,24","","-0,16%"
"04/09/2023","11.871,36","11.886,92","11.916,00","11.849,16","","-0,13%"
"01/09/2023","11.886,92","11.954,29","11.968,68","11.886,92","","-0,56%"
"31/08/2023","11.954,29","11.903,46","11.988,17","11.903,46","","0,43%"
"30/08/2023","11.903,46","11.899,92","11.938,75","11.869,76","","0,03%"
"29/08/2023","11.899,92","11.863,66","11.907,98","11.841,16","","0,31%"
"28/08/2023","11.863,66","11.897,37","11.921,23","11.857,91","","-0,29%"
"25/08/2023","11.898,62","11.876,75","11.902,98","11.833,85","","0,18%"
"24/08/2023","11.876,75","11.863,61","11.894,41","11.854,55","","0,11%"
"23/08/2023","11.863,61","11.887,79","11.892,01","11.855,18","","-0,24%"
"22/08/2023","11.891,60","11.969,75","11.988,29","11.889,60","","-0,67%"
"18/08/2023","11.971,99","11.988,62","12.011,51","11.966,53","","-0,14%"
"17/08/2023","11.988,62","12.011,59","12.011,59","11.965,89","","-0,19%"
"16/08/2023","12.011,59","12.021,95","12.022,03","11.978,72","","-0,09%"
"15/08/2023","12.021,95","12.016,87","12.047,23","12.005,21","","0,04%"
"11/08/2023","12.016,87","12.055,65","12.065,99","12.015,67","","-0,32%"
"10/08/2023","12.055,65","12.034,04","12.057,02","11.986,59","","0,18%"
"09/08/2023","12.034,04","12.074,06","12.091,20","12.034,04","","-0,33%"
"08/08/2023","12.074,06","12.083,53","12.085,69","12.019,56","","-0,08%"
"07/08/2023","12.083,53","12.106,05","12.176,00","12.079,44","","-0,19%"
"04/08/2023","12.106,05","12.142,00","12.206,66","12.105,90","","-0,30%"
"03/08/2023","12.142,00","12.203,87","12.224,23","12.140,41","","-0,51%"
"02/08/2023","12.203,87","12.131,19","12.231,76","12.119,86","","0,60%"
"01/08/2023","12.131,19","12.083,34","12.131,19","12.032,93","","0,40%"
"31/07/2023","12.083,34","12.058,66","12.083,74","12.043,54","","0,20%"
"28/07/2023","12.058,66","11.992,00","12.070,59","11.947,43","","0,54%"
"27/07/2023","11.993,58","11.832,89","11.997,16","11.828,79","","1,36%"
"26/07/2023","11.832,89","11.774,05","11.859,64","11.767,99","","0,50%"
"25/07/2023","11.774,05","11.753,68","11.774,10","11.700,24","","0,15%"
"24/07/2023","11.755,83","11.793,50","11.804,09","11.728,22","","-0,32%"
"21/07/2023","11.793,50","11.731,63","11.799,05","11.695,19","","0,49%"
"20/07/2023","11.735,54","11.684,77","11.735,54","11.683,75","","0,43%"
"18/07/2023","11.684,77","11.537,16","11.684,88","11.520,40","","1,28%"
"17/07/2023","11.537,16","11.546,96","11.564,86","11.504,19","","-0,08%"
"14/07/2023","11.546,96","11.488,31","11.548,68","11.464,68","","0,51%"
"13/07/2023","11.488,31","11.452,82","11.537,98","11.448,90","","-0,45%"
"12/07/2023","11.540,53","11.531,56","11.568,18","11.501,19","","0,07%"
"11/07/2023","11.532,99","11.544,73","11.554,29","11.509,24","","-0,12%"
"10/07/2023","11.546,59","11.575,81","11.620,52","11.546,59","","-0,25%"
"07/07/2023","11.575,81","11.621,72","11.624,46","11.526,53","","-0,40%"
"06/07/2023","11.621,72","11.616,59","11.652,35","11.596,51","","-0,48%"
"05/07/2023","11.677,95","11.599,83","11.681,39","11.596,97","","0,66%"
"04/07/2023","11.601,91","11.537,34","11.623,30","11.537,34","","0,50%"
"03/07/2023","11.544,61","11.494,06","11.580,27","11.488,74","","-0,30%"
"28/06/2023","11.579,76","11.542,87","11.646,37","11.529,24","","0,32%"
"27/06/2023","11.542,87","11.504,06","11.574,55","11.485,16","","0,34%"
"26/06/2023","11.504,06","11.537,23","11.614,63","11.483,60","","-0,29%"
"23/06/2023","11.537,23","11.474,39","11.677,18","11.474,39","","0,55%"
"22/06/2023","11.474,39","11.489,86","11.606,98","11.461,47","","-0,15%"
"21/06/2023","11.491,86","11.704,45","11.723,23","11.491,86","","-1,82%"
"20/06/2023","11.704,88","11.395,66","11.822,93","11.378,34","","2,63%"
"19/06/2023","11.404,49","11.446,81","11.476,65","11.376,68","","-0,42%"
"16/06/2023","11.452,87","11.385,36","11.462,51","11.384,02","","0,59%"
"15/06/2023","11.385,36","11.194,74","11.408,55","11.168,64","","1,69%"
"14/06/2023","11.195,69","11.056,72","11.195,83","11.056,72","","1,26%"
"13/06/2023","11.056,72","11.041,27","11.056,72","11.012,40","","0,14%"
"12/06/2023","11.041,27","11.056,65","11.059,86","10.990,53","","-0,17%"
"09/06/2023","11.060,42","11.002,85","11.060,42","11.000,17","","0,52%"
"08/06/2023","11.003,59","11.016,60","11.035,18","10.992,92","","-0,20%"
"07/06/2023","11.025,23","11.017,43","11.052,24","10.995,96","","0,07%"
"06/06/2023","11.017,43","11.045,69","11.102,83","11.014,77","","-0,31%"
"05/06/2023","11.051,91","11.150,78","11.159,62","11.043,42","","-0,89%"
"02/06/2023","11.150,78","11.016,24","11.150,78","10.982,74","","1,22%"
"01/06/2023","11.016,24","11.040,92","11.056,72","11.011,11","","-0,30%"
"31/05/2023","11.049,08","11.029,71","11.079,71","11.007,54","","0,18%"
"30/05/2023","11.029,71","11.005,83","11.071,58","10.991,39","","0,22%"
"29/05/2023","11.005,83","10.943,66","11.022,39","10.926,15","","0,57%"
"26/05/2023","10.943,66","10.813,03","10.943,87","10.780,86","","1,21%"
"25/05/2023","10.813,03","10.912,72","10.912,72","10.799,69","","-0,91%"
"24/05/2023","10.912,72","10.775,85","10.912,72","10.764,64","","1,27%"
"23/05/2023","10.775,85","10.760,76","10.801,87","10.739,37","","0,14%"
"22/05/2023","10.760,76","10.755,60","10.762,58","10.724,96","","-0,04%"
"19/05/2023","10.764,97","10.746,37","10.775,92","10.713,22","","0,17%"
"18/05/2023","10.746,37","10.777,63","10.797,83","10.715,84","","-0,29%"
"17/05/2023","10.777,63","10.804,60","10.804,60","10.751,18","","-0,25%"
"16/05/2023","10.804,60","10.743,83","10.805,90","10.700,41","","0,57%"
"15/05/2023","10.743,83","10.733,63","10.800,89","10.716,46","","0,10%"
"12/05/2023","10.733,63","10.578,97","10.734,86","10.573,78","","1,46%"
"11/05/2023","10.578,97","10.482,49","10.579,08","10.482,13","","0,92%"
"10/05/2023","10.482,49","10.409,17","10.506,62","10.409,17","","0,70%"
"09/05/2023","10.409,17","10.420,74","10.475,27","10.405,83","","-0,11%"
"08/05/2023","10.420,74","10.390,66","10.480,05","10.390,66","","0,29%"
"05/05/2023","10.390,66","10.408,41","10.454,65","10.378,37","","-0,17%"
"04/05/2023","10.408,41","10.410,67","10.411,37","10.347,00","","-0,02%"
"03/05/2023","10.410,67","10.431,19","10.436,53","10.377,63","","-0,20%"
"02/05/2023","10.431,19","10.525,17","10.563,17","10.431,19","","-0,89%"
"28/04/2023","10.525,22","10.469,77","10.525,22","10.469,58","","0,53%"
"27/04/2023","10.469,77","10.454,85","10.492,08","10.447,95","","0,14%"
"26/04/2023","10.454,85","10.499,26","10.509,56","10.418,76","","-0,42%"
"25/04/2023","10.499,26","10.494,69","10.516,93","10.483,28","","0,04%"
"21/04/2023","10.494,69","10.482,19","10.535,42","10.476,84","","0,12%"
"20/04/2023","10.482,19","10.466,76","10.524,02","10.461,94","","0,15%"
"19/04/2023","10.466,76","10.477,73","10.489,29","10.430,18","","-0,10%"
"18/04/2023","10.477,73","10.476,38","10.482,72","10.464,26","","0,00%"
"17/04/2023","10.477,34","10.470,49","10.533,98","10.461,45","","0,07%"
"14/04/2023","10.470,49","10.462,33","10.551,85","10.455,51","","0,08%"
"13/04/2023","10.462,33","10.493,74","10.525,11","10.447,00","","-0,30%"
"12/04/2023","10.493,74","10.492,80","10.508,80","10.444,24","","0,01%"
"11/04/2023","10.492,80","10.488,37","10.531,72","10.483,00","","0,04%"
"10/04/2023","10.488,37","10.461,41","10.506,47","10.447,02","","0,26%"
"07/04/2023","10.461,41","10.450,48","10.520,68","10.450,48","","0,10%"
"06/04/2023","10.450,48","10.483,37","10.510,18","10.450,48","","-0,31%"
"05/04/2023","10.483,37","10.472,04","10.499,51","10.448,04","","0,11%"
"04/04/2023","10.472,04","10.471,03","10.498,01","10.454,30","","0,01%"
"03/04/2023","10.471,03","10.391,39","10.471,59","10.383,94","","0,77%"
"31/03/2023","10.391,39","10.474,35","10.504,73","10.391,39","","-0,79%"
"30/03/2023","10.474,35","10.528,66","10.546,51","10.473,63","","-0,52%"
"29/03/2023","10.528,66","10.517,82","10.569,44","10.501,79","","0,10%"
"28/03/2023","10.517,82","10.492,32","10.517,91","10.429,99","","0,24%"
"27/03/2023","10.492,32","10.404,52","10.492,32","10.380,97","","0,84%"
"24/03/2023","10.404,52","10.474,61","10.487,46","10.404,52","","-0,67%"
"23/03/2023","10.474,61","10.454,29","10.507,16","10.447,13","","0,19%"
"22/03/2023","10.454,29","10.316,49","10.454,29","10.316,49","","1,34%"
"21/03/2023","10.316,49","10.446,57","10.446,57","10.315,38","","-1,25%"
"20/03/2023","10.446,57","10.415,50","10.492,51","10.415,50","","0,30%"
"17/03/2023","10.415,50","10.513,91","10.534,72","10.412,30","","-0,94%"
"16/03/2023","10.513,91","10.497,54","10.529,64","10.492,84","","0,16%"
"15/03/2023","10.497,54","10.559,68","10.579,14","10.483,38","","-0,59%"
"14/03/2023","10.559,68","10.566,67","10.581,12","10.523,47","","-0,07%"
"13/03/2023","10.566,67","10.557,71","10.594,03","10.511,46","","0,08%"
"10/03/2023","10.557,71","10.557,47","10.577,54","10.525,79","","0,00%"
"09/03/2023","10.557,47","10.592,56","10.622,15","10.543,94","","-0,33%"
"08/03/2023","10.592,56","10.603,47","10.632,78","10.581,31","","-0,10%"
"07/03/2023","10.603,47","10.643,91","10.651,72","10.595,55","","-0,38%"
"06/03/2023","10.643,91","10.712,89","10.738,16","10.643,91","","-0,64%"
"03/03/2023","10.712,89","10.767,75","10.785,77","10.652,80","","-0,51%"
"02/03/2023","10.767,75","10.842,62","10.873,22","10.767,75","","-0,69%"
"01/03/2023","10.842,62","10.907,51","10.958,40","10.842,08","","-0,59%"
"28/02/2023","10.907,51","10.834,84","10.925,75","10.834,84","","0,67%"
"27/02/2023","10.834,84","10.844,54","10.901,01","10.826,31","","-0,09%"
"24/02/2023","10.844,54","10.663,22","10.852,08","10.663,06","","1,70%"
"23/02/2023","10.663,22","10.625,35","10.679,93","10.596,68","","0,36%"
"22/02/2023","10.625,35","10.565,37","10.628,12","10.515,46","","0,57%"
"21/02/2023","10.565,37","10.691,34","10.704,01","10.551,04","","-1,18%"
"20/02/2023","10.691,34","10.684,60","10.725,94","10.667,18","","0,06%"
"17/02/2023","10.684,60","10.573,37","10.692,83","10.548,92","","1,05%"
"16/02/2023","10.573,37","10.555,07","10.600,48","10.544,25","","0,17%"
"15/02/2023","10.555,07","10.522,20","10.584,79","10.490,60","","0,31%"
"14/02/2023","10.522,20","10.664,00","10.690,40","10.522,20","","-1,33%"
"13/02/2023","10.664,00","10.728,31","10.750,48","10.663,50","","-0,60%"
"10/02/2023","10.728,31","10.719,22","10.760,87","10.713,13","","0,08%"
"09/02/2023","10.719,22","10.647,04","10.743,57","10.629,71","","0,68%"
"08/02/2023","10.647,04","10.463,34","10.647,25","10.406,04","","1,76%"
"07/02/2023","10.463,34","10.325,32","10.484,35","10.322,68","","1,34%"
"06/02/2023","10.325,32","10.335,31","10.414,11","10.292,03","","-0,10%"
"03/02/2023","10.335,31","10.343,77","10.371,74","10.332,95","","-0,08%"
"02/02/2023","10.343,77","10.212,03","10.343,77","10.206,98","","1,29%"
"01/02/2023","10.212,03","10.275,45","10.284,99","10.212,03","","-0,62%"
"31/01/2023","10.275,45","10.119,82","10.275,45","10.115,87","","1,54%"
"30/01/2023","10.119,82","10.070,12","10.149,31","10.046,23","","0,49%"
"27/01/2023","10.070,12","10.107,41","10.223,84","10.069,39","","-0,37%"
"26/01/2023","10.107,41","10.288,80","10.333,43","10.107,41","","-1,76%"
"25/01/2023","10.288,80","10.233,43","10.317,29","10.233,43","","0,54%"
"24/01/2023","10.233,43","10.291,49","10.313,71","10.233,43","","-0,56%"
"23/01/2023","10.291,49","10.212,84","10.300,58","10.150,00","","0,77%"
"20/01/2023","10.212,84","10.258,44","10.359,72","10.212,84","","-0,44%"
"19/01/2023","10.258,44","10.363,13","10.397,68","10.247,16","","-1,13%"
"18/01/2023","10.375,25","10.416,12","10.426,18","10.375,25","","-0,39%"
"17/01/2023","10.416,12","10.382,73","10.460,86","10.382,21","","0,32%"
"16/01/2023","10.382,73","10.324,62","10.446,85","10.324,62","","0,56%"
"13/01/2023","10.324,62","10.162,67","10.363,65","10.162,67","","1,59%"
"12/01/2023","10.162,67","9.982,54","10.214,45","9.982,54","","1,80%"
"10/01/2023","9.982,54","9.806,32","9.982,54","9.777,86","","1,80%"
"09/01/2023","9.806,32","9.717,99","9.945,92","9.717,99","","0,91%"
"06/01/2023","9.717,99","10.040,91","10.114,82","9.717,99","","-3,22%"
"05/01/2023","10.040,91","10.439,60","10.476,84","10.040,91","","-3,82%"
"04/01/2023","10.439,60","10.631,58","10.647,79","10.439,60","","-1,81%"
"03/01/2023","10.631,58","10.709,14","10.718,52","10.577,08","","-0,72%"
"02/01/2023","10.709,14","10.720,25","10.833,46","10.709,06","","-0,10%"
"30/12/2022","10.720,25","10.848,85","10.908,54","10.696,38","","-1,19%"
"29/12/2022","10.848,85","10.958,35","10.985,98","10.817,23","","-1,00%"
"28/12/2022","10.958,35","10.962,71","11.012,13","10.935,21","","-0,04%"
"27/12/2022","10.962,71","11.001,32","11.001,32","10.919,00","","-0,35%"
"26/12/2022","11.001,32","10.955,07","11.001,32","10.950,78","","0,42%"
"23/12/2022","10.955,07","10.968,04","11.014,28","10.955,07","","-0,12%"
"22/12/2022","10.968,04","10.950,62","11.022,17","10.950,62","","0,16%"
"21/12/2022","10.950,62","10.892,30","10.954,13","10.890,28","","0,47%"
"20/12/2022","10.899,12","11.065,16","11.088,38","10.895,61","","-1,50%"
"19/12/2022","11.065,16","11.049,59","11.073,12","11.023,30","","0,14%"
"16/12/2022","11.049,64","11.228,47","11.259,77","11.019,49","","-1,59%"
"15/12/2022","11.228,47","11.271,86","11.288,63","11.214,44","","-0,38%"
"14/12/2022","11.271,86","11.317,05","11.328,88","11.271,86","","-0,40%"
"13/12/2022","11.317,05","11.285,20","11.365,06","11.277,34","","0,28%"
"12/12/2022","11.285,68","11.257,38","11.300,54","11.239,81","","0,25%"
"09/12/2022","11.257,38","11.275,93","11.353,59","11.256,13","","-0,16%"
"08/12/2022","11.275,93","11.291,05","11.345,40","11.228,89","","-0,13%"
"07/12/2022","11.291,05","11.248,58","11.302,67","11.239,58","","0,38%"
"06/12/2022","11.248,58","11.194,26","11.299,10","11.194,20","","0,49%"
"05/12/2022","11.194,26","11.028,15","11.194,26","11.020,45","","1,51%"
"02/12/2022","11.028,15","11.022,18","11.078,62","10.970,09","","0,05%"
"01/12/2022","11.022,18","10.910,91","11.056,21","10.855,38","","1,02%"
"30/11/2022","10.910,91","10.918,63","10.921,24","10.814,62","","-0,07%"
"29/11/2022","10.918,63","10.870,17","10.920,19","10.815,34","","0,45%"
"28/11/2022","10.870,17","10.835,23","10.882,91","10.834,37","","0,32%"
"25/11/2022","10.835,23","10.805,97","10.859,18","10.789,56","","0,27%"
"24/11/2022","10.805,97","10.852,14","10.911,06","10.770,60","","-0,43%"
"23/11/2022","10.852,14","10.810,67","10.858,89","10.808,61","","0,38%"
"22/11/2022","10.810,67","10.783,87","10.857,94","10.783,87","","0,25%"
"21/11/2022","10.783,87","10.821,89","10.866,16","10.777,45","","-0,35%"
"17/11/2022","10.821,89","10.621,27","10.832,16","10.621,27","","1,89%"
"16/11/2022","10.621,27","10.581,12","10.695,14","10.581,12","","0,38%"
"15/11/2022","10.581,12","10.466,66","10.581,12","10.466,66","","1,09%"
"14/11/2022","10.466,66","10.355,27","10.530,38","10.355,27","","1,08%"
"11/11/2022","10.355,27","10.421,01","10.480,39","10.292,88","","-0,63%"
"10/11/2022","10.421,01","10.656,17","10.667,16","10.421,01","","-2,21%"
"09/11/2022","10.656,17","10.686,41","10.715,49","10.650,80","","-0,28%"
"08/11/2022","10.686,41","10.768,18","10.773,85","10.685,38","","-0,76%"
"07/11/2022","10.768,18","10.740,88","10.830,34","10.728,26","","0,25%"
"04/11/2022","10.740,88","10.811,04","10.831,75","10.740,88","","-0,65%"
"03/11/2022","10.811,04","10.861,39","10.896,41","10.811,04","","-0,46%"
"02/11/2022","10.861,39","10.912,36","10.960,51","10.861,36","","-0,47%"
"01/11/2022","10.912,36","10.822,58","10.914,20","10.819,46","","0,83%"
"31/10/2022","10.822,58","10.850,63","10.880,86","10.801,80","","-0,26%"
"28/10/2022","10.850,63","10.844,40","10.909,75","10.824,32","","0,06%"
"27/10/2022","10.844,40","10.741,26","10.857,68","10.715,72","","0,96%"
"26/10/2022","10.741,26","10.903,97","10.930,99","10.734,13","","-1,49%"
"25/10/2022","10.903,97","10.843,45","10.987,36","10.827,35","","0,56%"
"24/10/2022","10.843,45","10.954,52","11.004,47","10.841,81","","-1,01%"
"21/10/2022","10.954,52","11.066,31","11.066,31","10.944,89","","-1,01%"
"20/10/2022","11.066,31","11.310,82","11.329,85","11.055,17","","-2,16%"
"19/10/2022","11.310,82","11.323,89","11.337,04","11.271,15","","-0,12%"
"18/10/2022","11.323,89","11.359,71","11.359,71","11.295,30","","-0,32%"
"17/10/2022","11.359,71","11.442,19","11.442,19","11.313,23","","-0,72%"
"14/10/2022","11.442,19","11.556,43","11.580,78","11.442,19","","-0,99%"
"13/10/2022","11.556,43","11.661,28","11.688,28","11.528,80","","-0,90%"
"12/10/2022","11.661,28","11.782,08","11.782,26","11.661,28","","-1,03%"
"11/10/2022","11.782,08","11.724,44","11.782,10","11.714,73","","0,49%"
"07/10/2022","11.724,44","11.738,69","11.743,64","11.689,32","","-0,12%"
"06/10/2022","11.738,69","11.662,85","11.767,05","11.652,61","","0,65%"
"05/10/2022","11.662,85","11.617,87","11.681,19","11.616,45","","0,39%"
"04/10/2022","11.617,87","11.586,14","11.646,57","11.585,43","","0,27%"
"03/10/2022","11.586,14","11.613,11","11.632,44","11.581,81","","-0,23%"
"30/09/2022","11.613,11","11.684,05","11.737,85","11.548,23","","-0,61%"
"29/09/2022","11.684,05","11.809,94","11.853,57","11.666,85","","-1,07%"
"28/09/2022","11.809,94","12.044,51","12.044,51","11.807,86","","-1,95%"
"27/09/2022","12.044,51","12.191,83","12.214,31","12.044,51","","-1,21%"
"26/09/2022","12.191,83","12.259,05","12.267,30","12.164,26","","-0,55%"
"23/09/2022","12.259,05","12.250,74","12.262,69","12.219,20","","0,07%"
"22/09/2022","12.250,74","12.231,15","12.261,71","12.219,45","","0,16%"
"21/09/2022","12.231,15","12.212,00","12.235,10","12.165,17","","0,16%"
"20/09/2022","12.212,00","12.173,93","12.212,03","12.172,08","","0,31%"
"19/09/2022","12.174,71","12.198,68","12.206,75","12.172,58","","-0,20%"
"16/09/2022","12.198,68","12.138,03","12.198,68","12.138,03","","0,50%"
"15/09/2022","12.138,03","12.145,54","12.185,49","12.130,65","","-0,07%"
"14/09/2022","12.146,06","12.138,23","12.161,07","12.129,14","","-0,01%"
"13/09/2022","12.147,77","12.132,17","12.163,10","12.130,06","","0,12%"
"12/09/2022","12.132,92","12.128,37","12.159,67","12.108,72","","0,04%"
"09/09/2022","12.128,37","12.157,38","12.205,13","12.128,37","","-0,24%"
"08/09/2022","12.157,42","12.154,85","12.185,86","12.132,56","","0,02%"
"07/09/2022","12.154,85","12.109,70","12.173,99","12.109,70","","0,37%"
"06/09/2022","12.109,70","12.074,23","12.115,44","12.070,13","","-0,26%"
"05/09/2022","12.140,72","12.136,29","12.214,36","12.115,75","","0,04%"
"02/09/2022","12.136,29","12.127,17","12.185,69","12.105,82","","0,08%"
"01/09/2022","12.127,17","12.128,72","12.150,78","12.083,07","","-0,01%"
"31/08/2022","12.128,72","12.117,32","12.176,06","12.091,10","","0,09%"
"30/08/2022","12.117,32","12.169,05","12.184,07","12.117,32","","-0,43%"
"29/08/2022","12.169,05","12.177,18","12.194,35","12.157,73","","-0,07%"
"26/08/2022","12.177,18","12.201,61","12.231,82","12.151,82","","-0,20%"
"25/08/2022","12.201,61","12.187,17","12.205,67","12.142,19","","0,12%"
"24/08/2022","12.187,17","12.157,00","12.187,17","12.082,44","","0,25%"
"23/08/2022","12.157,00","12.132,26","12.193,64","12.127,16","","0,16%"
"22/08/2022","12.137,96","12.185,34","12.188,87","12.135,56","","-0,39%"
"19/08/2022","12.185,34","12.173,81","12.196,20","12.147,12","","0,09%"
"18/08/2022","12.173,81","12.174,09","12.207,55","12.161,04","","0,00%"
"17/08/2022","12.174,09","12.186,57","12.215,01","12.143,01","","-0,10%"
"16/08/2022","12.186,57","12.175,75","12.206,35","12.173,11","","0,09%"
"15/08/2022","12.175,75","12.162,75","12.195,89","12.116,77","","0,11%"
"12/08/2022","12.162,75","12.083,36","12.174,24","12.081,03","","0,66%"
"11/08/2022","12.083,36","11.988,81","12.094,81","11.976,98","","0,79%"
"10/08/2022","11.988,81","11.985,35","12.059,95","11.968,85","","0,03%"
"09/08/2022","11.985,35","11.945,83","11.985,35","11.930,92","","0,33%"
"08/08/2022","11.945,83","11.947,29","11.950,94","11.913,98","","-0,01%"
"05/08/2022","11.947,29","11.862,22","11.953,54","11.862,22","","0,72%"
"04/08/2022","11.862,22","11.831,21","11.871,62","11.816,99","","0,25%"
"03/08/2022","11.833,22","11.828,18","11.858,03","11.796,27","","0,04%"
"02/08/2022","11.828,18","11.854,28","11.854,28","11.819,32","","-0,22%"
"01/08/2022","11.854,28","11.818,46","11.867,47","11.805,81","","0,30%"
"29/07/2022","11.818,46","11.834,67","11.861,70","11.787,94","","-0,14%"
"28/07/2022","11.834,67","11.772,65","11.834,95","11.758,41","","0,51%"
"27/07/2022","11.774,58","11.810,03","11.887,06","11.772,57","","-0,30%"
"26/07/2022","11.810,03","11.835,57","11.840,87","11.772,33","","-0,22%"
"25/07/2022","11.835,58","11.923,99","11.944,48","11.809,44","","-0,74%"
"22/07/2022","11.923,99","11.938,12","11.967,69","11.923,00","","-0,16%"
"21/07/2022","11.943,04","11.944,22","11.986,39","11.939,63","","-0,01%"
"20/07/2022","11.944,22","11.935,98","12.072,68","11.933,34","","-0,11%"
"19/07/2022","11.956,96","11.865,04","11.957,96","11.858,87","","0,75%"
"18/07/2022","11.868,30","11.830,07","11.879,31","11.819,56","","0,31%"
"15/07/2022","11.831,42","11.741,78","11.834,60","11.741,78","","0,76%"
"14/07/2022","11.741,78","11.777,27","11.828,39","11.741,54","","-0,44%"
"13/07/2022","11.793,13","11.712,57","11.793,13","11.711,22","","0,44%"
"12/07/2022","11.740,99","11.701,65","11.803,11","11.701,65","","0,25%"
"08/07/2022","11.711,37","11.725,19","11.800,16","11.694,73","","-0,12%"
"07/07/2022","11.725,50","11.631,66","11.725,50","11.631,45","","0,81%"
"06/07/2022","11.631,66","11.546,31","11.651,11","11.518,12","","0,74%"
"05/07/2022","11.546,31","11.639,18","11.717,49","11.544,36","","-1,43%"
"04/07/2022","11.713,85","11.710,27","11.812,12","11.707,69","","-0,26%"
"01/07/2022","11.744,22","12.003,29","12.012,41","11.744,22","","-2,21%"
"30/06/2022","12.009,41","12.057,20","12.096,00","12.009,41","","-0,40%"
"29/06/2022","12.058,00","12.022,96","12.089,44","11.996,68","","0,29%"
"28/06/2022","12.022,96","11.978,70","12.048,71","11.977,53","","0,37%"
"27/06/2022","11.978,70","12.013,69","12.055,26","11.966,27","","-0,30%"
"24/06/2022","12.014,91","11.939,67","12.044,54","11.939,34","","0,57%"
"23/06/2022","11.946,97","12.020,98","12.026,48","11.930,64","","-0,65%"
"22/06/2022","12.025,51","12.159,05","12.198,75","12.024,91","","-1,12%"
"21/06/2022","12.161,36","12.126,78","12.167,44","12.109,79","","0,22%"
"20/06/2022","12.134,22","12.082,59","12.177,53","12.082,59","","0,42%"
"17/06/2022","12.083,57","12.258,10","12.258,10","12.083,57","","-1,42%"
"16/06/2022","12.258,10","12.357,96","12.366,10","12.252,92","","-0,82%"
"15/06/2022","12.358,98","12.262,57","12.359,26","12.244,09","","0,77%"
"14/06/2022","12.264,62","12.490,67","12.490,67","12.264,22","","-1,81%"
"13/06/2022","12.490,67","12.564,76","12.613,70","12.479,50","","-0,59%"
"10/06/2022","12.564,76","12.611,85","12.611,85","12.531,87","","-0,37%"
"09/06/2022","12.611,85","12.661,55","12.706,81","12.611,85","","-0,48%"
"08/06/2022","12.672,32","12.716,87","12.728,19","12.648,82","","-0,35%"
"07/06/2022","12.716,87","12.662,66","12.716,87","12.588,67","","0,41%"
"06/06/2022","12.665,15","12.595,67","12.668,16","12.580,81","","0,44%"
"03/06/2022","12.609,89","12.534,97","12.609,89","12.504,06","","0,60%"
"02/06/2022","12.534,97","12.392,50","12.552,93","12.385,81","","1,15%"
"01/06/2022","12.392,78","12.303,94","12.492,43","12.298,49","","0,43%"
"31/05/2022","12.339,60","12.321,15","12.364,38","12.314,54","","0,15%"
"30/05/2022","12.321,15","12.334,93","12.379,51","12.311,84","","-0,11%"
"27/05/2022","12.334,93","12.407,88","12.430,36","12.306,00","","-0,62%"
"26/05/2022","12.411,50","12.394,39","12.439,64","12.388,99","","0,14%"
"25/05/2022","12.394,39","12.421,60","12.480,62","12.375,27","","-0,22%"
"24/05/2022","12.421,60","12.564,55","12.607,54","12.413,70","","-1,14%"
"23/05/2022","12.564,55","12.626,59","12.660,52","12.526,15","","-0,49%"
"20/05/2022","12.626,59","12.679,79","12.691,63","12.625,57","","-0,42%"
"19/05/2022","12.680,13","12.679,08","12.738,77","12.679,08","","0,00%"
"18/05/2022","12.679,96","12.716,65","12.749,42","12.672,62","","-0,29%"
"17/05/2022","12.716,65","12.682,77","12.733,07","12.681,66","","0,27%"
"16/05/2022","12.682,77","12.682,21","12.738,15","12.648,59","","0,00%"
"13/05/2022","12.682,21","12.572,39","12.683,16","12.568,50","","0,87%"
"12/05/2022","12.572,39","12.649,89","12.660,58","12.569,39","","-0,61%"
"11/05/2022","12.649,89","12.666,75","12.741,08","12.646,91","","-0,13%"
"10/05/2022","12.666,75","12.984,18","13.021,64","12.666,75","","-2,44%"
"09/05/2022","12.984,18","13.051,01","13.060,85","12.984,18","","-0,51%"
"06/05/2022","13.051,01","13.114,95","13.118,70","13.046,44","","-0,54%"
"05/05/2022","13.121,65","13.134,60","13.153,35","13.116,80","","-0,17%"
"04/05/2022","13.143,89","13.136,65","13.173,92","13.128,90","","0,06%"
"29/04/2022","13.136,65","13.134,64","13.157,25","13.101,97","","0,02%"
"28/04/2022","13.134,64","13.083,67","13.147,87","13.072,42","","0,39%"
"27/04/2022","13.083,67","13.106,89","13.127,40","13.065,96","","-0,18%"
"26/04/2022","13.106,89","13.167,39","13.167,39","13.098,20","","-0,46%"
"25/04/2022","13.167,39","13.169,67","13.183,37","13.130,45","","-0,02%"
"22/04/2022","13.169,67","13.096,87","13.169,67","13.096,87","","0,56%"
"21/04/2022","13.096,87","13.063,73","13.115,11","13.050,11","","0,25%"
"20/04/2022","13.063,73","13.052,07","13.084,59","13.027,26","","0,09%"
"19/04/2022","13.052,07","13.038,44","13.052,07","13.000,49","","0,10%"
"18/04/2022","13.038,92","12.999,31","13.046,29","12.990,96","","0,30%"
"15/04/2022","12.999,31","12.971,89","12.999,31","12.948,57","","0,21%"
"14/04/2022","12.971,89","12.971,89","12.979,35","12.952,66","","0,00%"
"13/04/2022","12.971,89","12.972,98","12.991,92","12.955,78","","-0,01%"
"12/04/2022","12.972,98","12.943,08","12.992,54","12.932,08","","0,23%"
"11/04/2022","12.943,08","12.946,49","12.968,33","12.923,04","","-0,03%"
"08/04/2022","12.946,49","12.926,36","12.953,94","12.888,51","","0,16%"
"07/04/2022","12.926,36","12.893,80","12.932,92","12.835,18","","0,25%"
"06/04/2022","12.893,80","12.878,42","12.901,54","12.845,09","","0,12%"
"05/04/2022","12.878,42","12.824,29","12.878,42","12.817,14","","0,42%"
"04/04/2022","12.824,29","12.843,52","12.899,89","12.803,95","","-0,15%"
"01/04/2022","12.843,52","12.818,11","12.860,88","12.814,59","","0,20%"
"31/03/2022","12.818,11","12.751,45","12.828,09","12.742,35","","0,52%"
"30/03/2022","12.751,45","12.721,38","12.782,51","12.703,18","","0,24%"
"29/03/2022","12.721,38","12.640,22","12.721,38","12.625,64","","0,64%"
"28/03/2022","12.640,22","12.602,92","12.640,22","12.590,87","","0,30%"
"25/03/2022","12.602,92","12.558,71","12.739,57","12.558,71","","0,35%"
"24/03/2022","12.558,71","12.577,91","12.630,33","12.554,68","","-0,15%"
"23/03/2022","12.577,91","12.820,10","12.820,10","12.573,49","","-1,89%"
"22/03/2022","12.820,10","12.867,90","12.930,43","12.820,10","","-0,37%"
"21/03/2022","12.867,90","12.877,80","12.929,61","12.867,82","","-0,08%"
"18/03/2022","12.877,80","12.935,51","12.983,44","12.865,86","","-0,45%"
"17/03/2022","12.935,51","12.761,96","12.935,51","12.761,96","","1,36%"
"16/03/2022","12.761,96","12.704,72","12.763,96","12.702,75","","0,45%"
"15/03/2022","12.704,72","12.659,18","12.747,35","12.635,65","","0,36%"
"14/03/2022","12.659,18","12.623,94","12.686,42","12.623,29","","0,28%"
"11/03/2022","12.623,94","12.567,54","12.724,54","12.559,00","","0,45%"
"10/03/2022","12.567,54","12.866,13","12.944,08","12.567,54","","-2,32%"
"09/03/2022","12.866,13","12.671,53","12.884,55","12.671,53","","1,54%"
"08/03/2022","12.671,53","12.415,46","12.683,25","12.397,36","","2,06%"
"07/03/2022","12.415,46","12.785,57","12.785,63","12.353,78","","-2,89%"
"04/03/2022","12.785,57","12.864,57","12.887,33","12.734,13","","-0,61%"
"03/03/2022","12.864,57","12.972,82","12.981,20","12.856,51","","-0,83%"
"02/03/2022","12.972,82","13.059,66","13.062,95","12.960,54","","-0,67%"
"01/03/2022","13.059,66","13.071,04","13.186,82","13.059,07","","-0,09%"
"28/02/2022","13.071,04","13.175,30","13.244,94","13.071,04","","-0,79%"
"25/02/2022","13.175,30","12.954,68","13.292,32","12.899,88","","1,70%"
"24/02/2022","12.954,68","13.509,67","13.509,67","12.946,89","","-4,11%"
"23/02/2022","13.509,67","13.521,35","13.562,09","13.495,32","","-0,09%"
"22/02/2022","13.521,35","13.649,81","13.649,81","13.461,96","","-0,94%"
"21/02/2022","13.649,81","13.716,73","13.727,94","13.640,58","","-0,49%"
"18/02/2022","13.716,73","13.766,60","13.790,02","13.716,28","","-0,36%"
"17/02/2022","13.766,60","13.760,26","13.801,52","13.758,03","","0,05%"
"16/02/2022","13.760,26","13.771,96","13.803,01","13.760,26","","-0,05%"
"15/02/2022","13.767,72","13.866,46","13.866,46","13.767,72","","-0,71%"
"14/02/2022","13.866,46","13.950,06","13.957,16","13.852,19","","-0,60%"
"11/02/2022","13.950,06","13.991,47","14.005,52","13.949,69","","-0,30%"
"10/02/2022","13.991,47","13.950,56","13.992,49","13.950,56","","0,29%"
"09/02/2022","13.950,56","13.985,64","13.990,98","13.945,93","","-0,25%"
"08/02/2022","13.985,64","13.951,27","14.012,64","13.939,89","","0,25%"
"07/02/2022","13.951,27","13.949,34","13.955,22","13.918,90","","0,01%"
"04/02/2022","13.949,34","13.913,39","13.965,35","13.905,75","","0,26%"
"03/02/2022","13.913,39","13.905,51","13.913,39","13.859,89","","0,06%"
"02/02/2022","13.905,51","13.863,11","13.907,75","13.862,60","","0,31%"
"01/02/2022","13.863,11","13.883,49","13.896,45","13.850,13","","-0,15%"
"31/01/2022","13.883,49","13.793,21","13.887,85","13.791,29","","0,65%"
"28/01/2022","13.793,21","13.733,86","13.813,99","13.732,46","","0,43%"
"27/01/2022","13.733,86","13.722,28","13.758,13","13.721,07","","0,08%"
"26/01/2022","13.722,28","13.706,62","13.723,61","13.688,43","","0,11%"
"25/01/2022","13.706,62","13.753,50","13.765,73","13.706,62","","-0,34%"
"24/01/2022","13.753,50","13.783,81","13.815,59","13.753,05","","-0,22%"
"21/01/2022","13.783,81","13.777,59","13.812,43","13.769,84","","0,05%"
"20/01/2022","13.777,59","13.737,71","13.814,82","13.734,73","","0,29%"
"19/01/2022","13.737,71","13.768,05","13.817,94","13.734,76","","-0,22%"
"18/01/2022","13.768,05","13.770,78","13.815,37","13.767,98","","-0,02%"
"17/01/2022","13.770,78","13.784,31","13.784,31","13.748,24","","-0,10%"
"14/01/2022","13.784,31","13.588,24","13.784,72","13.551,04","","1,44%"
"13/01/2022","13.588,24","13.531,26","13.588,24","13.506,23","","0,42%"
"12/01/2022","13.531,26","13.486,31","13.532,13","13.481,22","","0,33%"
"10/01/2022","13.486,31","13.477,25","13.503,15","13.441,78","","0,07%"
"07/01/2022","13.477,25","13.368,77","13.477,25","13.335,97","","0,81%"
"06/01/2022","13.368,77","13.290,62","13.369,02","13.290,62","","0,59%"
"05/01/2022","13.290,62","13.278,48","13.306,00","13.269,36","","0,09%"
"04/01/2022","13.278,48","13.296,29","13.328,50","13.278,48","","-0,13%"
"03/01/2022","13.296,29","13.358,32","13.363,06","13.277,80","","-0,46%"
"31/12/2021","13.358,32","13.404,63","13.425,50","13.352,00","","-0,35%"
"30/12/2021","13.404,63","13.389,20","13.405,19","13.340,30","","0,12%"
"29/12/2021","13.389,20","13.281,80","13.389,70","13.280,96","","0,81%"
"28/12/2021","13.281,80","13.236,39","13.290,79","13.211,02","","0,34%"
"27/12/2021","13.236,39","13.242,43","13.242,66","13.198,00","","-0,05%"
"24/12/2021","13.242,43","13.249,96","13.249,96","13.202,98","","-0,06%"
"23/12/2021","13.249,96","13.210,50","13.250,45","13.186,11","","0,30%"
"22/12/2021","13.210,50","13.242,96","13.249,38","13.194,39","","-0,25%"
"21/12/2021","13.242,96","13.253,96","13.253,96","13.163,01","","-0,08%"
"20/12/2021","13.253,96","13.303,36","13.305,50","13.224,67","","-0,37%"
"17/12/2021","13.303,73","13.269,54","13.303,73","13.176,18","","0,26%"
"16/12/2021","13.269,54","13.271,03","13.321,40","13.262,64","","-0,01%"
"15/12/2021","13.271,03","13.281,86","13.285,41","13.257,06","","-0,08%"
"14/12/2021","13.281,86","13.283,98","13.301,10","13.261,32","","-0,02%"
"13/12/2021","13.283,98","13.339,81","13.339,81","13.248,35","","-0,42%"
"10/12/2021","13.339,81","13.277,70","13.350,22","13.277,70","","0,47%"
"09/12/2021","13.277,70","13.231,35","13.277,88","13.223,84","","0,35%"
"08/12/2021","13.231,35","13.228,37","13.268,31","13.185,96","","0,02%"
"07/12/2021","13.228,37","13.178,51","13.239,45","13.144,62","","0,38%"
"06/12/2021","13.178,51","13.226,00","13.244,82","13.158,68","","-0,36%"
"03/12/2021","13.226,00","13.231,41","13.245,28","13.125,43","","-0,04%"
"02/12/2021","13.231,41","13.170,19","13.232,34","13.147,94","","0,46%"
"01/12/2021","13.170,19","13.085,38","13.170,48","13.085,38","","0,65%"
"30/11/2021","13.085,38","13.099,49","13.110,48","13.062,28","","-0,11%"
"29/11/2021","13.099,49","13.221,08","13.221,08","13.041,59","","-0,92%"
"26/11/2021","13.221,08","13.324,53","13.334,83","13.220,71","","-0,78%"
"25/11/2021","13.324,53","13.340,81","13.345,92","13.312,68","","-0,12%"
"24/11/2021","13.340,81","13.306,79","13.340,81","13.287,56","","0,26%"
"23/11/2021","13.306,79","13.351,53","13.351,53","13.304,07","","-0,34%"
"22/11/2021","13.351,53","13.340,45","13.362,45","13.316,95","","0,08%"
"19/11/2021","13.340,45","13.289,48","13.341,79","13.289,48","","0,38%"
"17/11/2021","13.289,48","13.261,47","13.315,65","13.260,89","","0,20%"
"16/11/2021","13.263,07","13.296,37","13.316,23","13.255,00","","-0,25%"
"15/11/2021","13.296,45","13.295,73","13.318,76","13.290,61","","0,01%"
"12/11/2021","13.295,73","13.332,46","13.346,27","13.295,73","","-0,28%"
"11/11/2021","13.332,46","13.344,29","13.356,44","13.322,04","","-0,09%"
"10/11/2021","13.344,29","13.380,34","13.412,49","13.342,39","","-0,27%"
"09/11/2021","13.380,34","13.428,26","13.463,10","13.380,34","","-0,36%"
"08/11/2021","13.428,26","13.413,80","13.475,56","13.396,65","","0,11%"
"05/11/2021","13.413,80","13.506,99","13.521,69","13.413,24","","-0,69%"
"04/11/2021","13.506,99","13.569,33","13.574,85","13.506,99","","-0,46%"
"03/11/2021","13.569,33","13.562,64","13.616,42","13.544,00","","0,05%"
"02/11/2021","13.562,64","13.507,55","13.600,76","13.507,55","","0,41%"
"01/11/2021","13.507,55","13.555,45","13.667,12","13.507,55","","-0,35%"
"29/10/2021","13.555,45","13.579,00","13.650,09","13.510,28","","-0,17%"
"28/10/2021","13.579,00","13.538,42","13.612,75","13.498,60","","0,30%"
"27/10/2021","13.538,42","13.551,17","13.585,21","13.488,35","","-0,09%"
"26/10/2021","13.551,17","13.333,84","13.551,42","13.317,43","","1,63%"
"25/10/2021","13.333,84","13.300,72","13.334,47","13.274,06","","0,25%"
"22/10/2021","13.300,72","13.295,54","13.300,72","13.261,26","","0,04%"
"21/10/2021","13.295,54","13.290,63","13.311,11","13.241,48","","0,04%"
"18/10/2021","13.290,63","13.300,93","13.300,93","13.252,76","","-0,08%"
"15/10/2021","13.300,93","13.283,15","13.301,49","13.240,96","","0,13%"
"14/10/2021","13.283,15","13.187,73","13.283,15","13.187,73","","0,72%"
"13/10/2021","13.187,73","13.160,56","13.188,80","13.142,72","","0,21%"
"12/10/2021","13.160,56","13.145,58","13.165,08","13.145,58","","0,11%"
"11/10/2021","13.145,58","13.192,55","13.192,55","13.136,25","","-0,36%"
"08/10/2021","13.192,55","13.097,39","13.192,55","13.096,20","","0,73%"
"07/10/2021","13.097,39","13.077,78","13.107,23","13.071,79","","0,15%"
"06/10/2021","13.077,78","13.058,71","13.085,33","13.046,16","","0,15%"
"05/10/2021","13.058,71","13.081,74","13.091,11","13.058,71","","-0,18%"
"04/10/2021","13.081,74","13.105,71","13.136,15","13.049,39","","-0,18%"
"01/10/2021","13.105,71","13.186,83","13.186,83","13.085,31","","-0,62%"
"30/09/2021","13.186,83","13.197,28","13.203,02","13.141,87","","-0,08%"
"29/09/2021","13.197,28","13.169,39","13.209,65","13.169,34","","0,21%"
"28/09/2021","13.169,39","13.122,02","13.169,39","13.092,35","","0,36%"
"27/09/2021","13.122,02","13.131,88","13.168,00","13.073,01","","-0,08%"
"24/09/2021","13.131,88","13.078,03","13.170,07","13.055,92","","0,41%"
"23/09/2021","13.078,03","12.973,40","13.080,83","12.971,61","","0,81%"
"22/09/2021","12.973,40","12.940,46","12.973,47","12.931,71","","0,25%"
"21/09/2021","12.940,82","12.949,56","12.949,56","12.917,63","","-0,07%"
"20/09/2021","12.949,56","13.019,20","13.019,20","12.945,52","","-0,53%"
"17/09/2021","13.019,20","12.902,04","13.025,67","12.889,33","","0,91%"
"16/09/2021","12.902,43","12.895,29","12.904,48","12.867,95","","0,06%"
"15/09/2021","12.895,29","12.901,27","12.907,47","12.879,77","","-0,05%"
"14/09/2021","12.901,52","12.887,71","12.916,27","12.872,78","","0,11%"
"13/09/2021","12.887,71","12.884,05","12.900,83","12.837,53","","0,03%"
"10/09/2021","12.884,05","12.971,07","12.991,70","12.884,01","","-0,67%"
"09/09/2021","12.971,07","12.739,93","12.978,25","12.739,93","","1,81%"
"08/09/2021","12.741,02","12.714,69","12.741,02","12.711,76","","0,21%"
"07/09/2021","12.714,69","12.691,37","12.715,93","12.677,70","","0,18%"
"06/09/2021","12.691,37","12.714,52","12.768,90","12.674,35","","-0,60%"
"03/09/2021","12.767,48","12.714,26","12.769,26","12.711,31","","0,42%"
"02/09/2021","12.714,26","12.705,58","12.717,11","12.667,17","","0,07%"
"01/09/2021","12.705,58","12.694,16","12.705,82","12.675,33","","0,09%"
"31/08/2021","12.694,16","12.775,54","12.775,54","12.684,53","","-0,64%"
"30/08/2021","12.775,54","12.777,08","12.791,93","12.728,98","","-0,07%"
"27/08/2021","12.784,68","12.684,96","12.784,68","12.657,71","","0,79%"
"26/08/2021","12.684,96","12.655,14","12.686,04","12.655,14","","0,24%"
"25/08/2021","12.655,14","12.706,41","12.718,77","12.641,64","","-0,40%"
"24/08/2021","12.706,41","12.713,40","12.736,13","12.651,51","","-0,05%"
"23/08/2021","12.713,40","12.607,27","12.713,40","12.576,84","","0,84%"
"19/08/2021","12.607,27","12.617,07","12.629,72","12.581,39","","-0,08%"
"18/08/2021","12.617,07","12.624,52","12.640,00","12.586,59","","-0,06%"
"17/08/2021","12.624,52","12.597,62","12.624,52","12.580,29","","0,21%"
"16/08/2021","12.597,62","12.622,05","12.622,71","12.552,18","","-0,20%"
"13/08/2021","12.623,11","12.526,04","12.623,11","12.507,88","","0,77%"
"12/08/2021","12.526,04","12.566,88","12.569,58","12.515,12","","-0,32%"
"11/08/2021","12.566,88","12.497,30","12.566,88","12.477,87","","0,56%"
"09/08/2021","12.497,30","12.498,05","12.498,05","12.433,06","","-0,25%"
"06/08/2021","12.528,57","12.467,81","12.529,53","12.452,73","","0,49%"
"05/08/2021","12.467,81","12.425,97","12.467,81","12.403,07","","0,34%"
"04/08/2021","12.425,97","12.440,33","12.464,81","12.418,35","","-0,16%"
"03/08/2021","12.446,11","12.433,94","12.452,04","12.410,14","","0,10%"
"02/08/2021","12.433,94","12.304,15","12.434,83","12.304,15","","1,05%"
"29/07/2021","12.304,15","12.236,92","12.304,34","12.236,92","","0,55%"
"28/07/2021","12.236,92","12.207,51","12.245,16","12.171,60","","0,24%"
"27/07/2021","12.207,51","12.183,41","12.209,75","12.170,37","","0,20%"
"26/07/2021","12.183,41","12.201,71","12.212,39","12.153,98","","-0,28%"
"23/07/2021","12.217,21","12.147,28","12.217,21","12.147,28","","0,58%"
"20/07/2021","12.147,28","12.155,36","12.172,80","12.138,42","","-0,07%"
"19/07/2021","12.155,36","12.166,09","12.200,10","12.151,41","","-0,09%"
"16/07/2021","12.166,09","12.140,14","12.183,45","12.137,49","","0,21%"
"15/07/2021","12.140,26","12.143,02","12.183,57","12.140,00","","-0,24%"
"14/07/2021","12.169,45","12.209,84","12.230,93","12.156,37","","-0,34%"
"13/07/2021","12.210,65","12.229,80","12.237,88","12.165,96","","-0,17%"
"12/07/2021","12.231,38","12.230,30","12.232,53","12.191,28","","-0,03%"
"09/07/2021","12.234,85","12.266,06","12.274,87","12.205,02","","-0,25%"
"08/07/2021","12.266,06","12.242,47","12.275,35","12.242,47","","0,19%"
"07/07/2021","12.242,47","12.152,22","12.269,73","12.152,22","","0,49%"
"06/07/2021","12.182,20","12.248,73","12.277,58","12.182,20","","-0,81%"
"05/07/2021","12.281,24","12.373,57","12.373,57","12.273,30","","-1,16%"
"02/07/2021","12.426,00","12.418,77","12.433,27","12.367,22","","0,06%"
"01/07/2021","12.418,77","12.408,76","12.446,31","12.384,89","","0,08%"
"30/06/2021","12.409,24","12.412,04","12.422,42","12.386,59","","-0,02%"
"29/06/2021","12.412,04","12.468,57","12.468,57","12.383,17","","-0,46%"
"28/06/2021","12.469,13","12.417,60","12.469,13","12.410,17","","0,41%"
"25/06/2021","12.417,60","12.476,51","12.489,33","12.378,02","","-0,47%"
"24/06/2021","12.476,51","12.512,27","12.577,93","12.476,51","","-0,30%"
"23/06/2021","12.514,51","12.514,12","12.532,39","12.498,20","","-0,03%"
"22/06/2021","12.517,72","12.544,46","12.553,70","12.505,29","","-0,22%"
"21/06/2021","12.545,91","12.479,58","12.545,91","12.471,55","","0,47%"
"18/06/2021","12.487,66","12.440,38","12.488,43","12.412,98","","0,37%"